ID,Answer
0,白色羽毛
1,《諸羅縣志》
2,袁晁
3,柏林陸軍學院
4,一局特殊的決勝局結束一盤比賽
5,聶耳
6,1884年
7,西漢的版圖向西擴張
8,英國
9,醜化對手的作用
10,周星馳
11,三中老
12,無障礙環境
13,anticipation
14,2004年
15,硫化氫
16,華萊士
17,外面的部份溫度會比內部核心的低
18,經濟
19,100公里
20,愛爾蘭語
21,荷蘭
22,硫磺
23,塞爾維亞反對黨
24,1910年代
25,外交活動
26,拉丁文
27,猶太基督徒
28,1964年
29,霍克菲爾德
30,北京市原有的46所高校中，有13所被迫外遷
31,《薩蒂里卡》
32,灣仔
33,爪哇
34,一種無限制的、自私、而野蠻的競爭情況
35,1968年
36,新北市
37,小白宮
38,沒有
39,南人
40,宋端宗
41,四千名
42,46億年
43,1070年
44,國民養老保險法
45,水上報告廳
46,1929年
47,航天技術
48,1932年
49,megabox開幕
50,康熙帝
51,學堂
52,1960年代
53,亞歷山大一世被刺殺
54,紐約市
55,基督教
56,預覽阿爾法版本
57,100萬
58,新北市
59,2014年9月28號佔領行動
60,路易十五
61,中國國民黨
62,中生代侏羅紀
63,阿拉貢國王卡洛斯三世
64,熱帶雨林氣候
65,意圖完全擺脫漢朝的控制
66,蔣中正
67,東漢
68,前三點起落架
69,弘治十二年
70,亞洲
71,1996年
72,德意志聯邦共和國
73,氦
74,西班牙人入侵納瓦爾
75,交通運輸部
76,高麗大學校主樓
77,張三祿
78,羽柴秀吉
79,俾斯麥
80,金泳
81,1958年
82,「靈魂」
83,科龍港
84,蓋爾人
85,四次重差觀測術的發明
86,西漢元封二年
87,隋滅南陳
88,佛教
89,1861年
90,豐臣秀吉
91,三吳地區
92,英國
93,大躍進運動
94,國立武昌高等師範學校
95,蘇利南
96,1934年
97,檸檬酸咖啡因療法
98,1913年
99,1949年
100,大象
101,1915年
102,1000年
103,有絲分裂
104,德國
105,高盧帝國
106,仁祖
107,十個
108,佛學論書
109,臺中高農
110,布倫瑞克
111,三天
112,1944年
113,安娜·德·薩伏伊
114,咸豐帝
115,哈林河
116,孟加拉
117,男中音
118,中原
119,60
120,威廉·洛厄爾·普特南
121,中華人民共和國主席
122,德國
123,陳寅恪
124,安藏王
125,漢字無法完整表達越南的日常用語，於是民間慢慢發展出具越南特色的喃字。字喃是照越南語的構詞順序來寫，若照中文順序則為喃字。所謂的喃字是指南方的文字的意思；因為缺乏標準化
126,二千九百公尺
127,1939年
128,害怕德軍在東線戰線上沒有足夠兵力應付俄國
129,福建林家
130,用來運貨
131,公民權
132,西人黨
133,2013年
134,臺北
135,東南亞南島民族
136,杭縣
137,蘇聯
138,38%
139,1941年
140,多腔磁控管雷達技術
141,點石齋畫報
142,南越地區
143,1988年
144,上吊方式
145,吉米卡特
146,沈括
147,《布告各省公啟》
148,阿拉里克
149,德蘇戰爭
150,髒層
151,工業國家
152,1949年
153,最終解決德國問題條約
154,清光緒十七年
155,「雕像」
156,防止中國共產黨滲透
157,65000平方公里
158,乙醚
159,唐玄宗
160,卡爾梅克人
161,2000年
162,63位
163,副大法官
164,古希臘時代
165,盧安達語
166,填海造地
167,蔣中正
168,農民
169,網景通訊公司
170,9月1日
171,1999年
172,《天淨沙》
173,七十年代
174,公元68年
175,趙佗
176,莎草紙
177,岑智明
178,普魯士大獲全勝
179,公元前362年
180,創建強力政府
181,28歲
182,1950年
183,保加利亞
184,效率比較低
185,10度
186,日本社會黨
187,西歐
188,波士頓
189,1992年
190,下旋球
191,兵制度
192,明朝
193,文藝復興
194,2000年
195,1998年
196,道縣玉蟾岩
197,德兩國海軍在赫爾戈蘭灣
198,森林
199,阿森納女子足球俱樂部
200,「社會主義市場經濟」
201,較有消費能力的居民
202,1920年
203,美元
204,多倫多
205,在列車前面拉動
206,彌爾
207,中央情報局
208,梅莉·史翠普
209,在時域上數學形式為連續函式的訊號
210,開始顯現本土特色
211,亞歷山大一世
212,威尼斯影展
213,清涼
214,副熱帶季風氣候區
215,聯盟合作
216,甲午戰爭
217,克孜勒
218,三分天災
219,好在歷史是人民寫的
220,美觀
221,臺中市精密機械科技創新園區
222,西部地區
223,1982年
224,1428年
225,天子
226,塔特拉山
227,莫斯科中山大學
228,美國發明家
229,2006年
230,沒有
231,《人體器官移植條例》
232,1262年
233,為增加米、糖等農作物產量
234,三倍
235,耗盡了核心的氫燃料
236,颱風
237,2016年
238,1972－1973年
239,六
240,「第一所美式大學」
241,鋁土礦
242,萬神廟
243,布農族
244,黑死病
245,2007年
246,查普曼
247,在與比提尼亞國王的性行為中處於被動地位
248,2009年
249,洛杉磯湖人
250,溥儁
251,副主席
252,決勝局必定是單數局
253,廣東省政府委員會
254,遊戲
255,1951年
256,漢語拼音方案
257,1984年
258,高架車站
259,下薩克森邦
260,法蘭西第二帝國
261,東南亞的大城市
262,全勝
263,夜間攔截任務
264,哥白尼日心說
265,濃度低時
266,光緒
267,明朝
268,1848年
269,1954年
270,1997年
271,自由韓國黨
272,《南華早報》
273,可以麻痺嗅覺神經
274,佛像
275,阿聯
276,交通基建
277,前線步兵師
278,日本肥前國平戶島
279,以天狼星在東方地平線的出現
280,自律心肌細胞
281,1961年
282,德語地區
283,離島機場
284,1237年
285,東羅馬
286,恭帝
287,德國
288,美國律師協會
289,1654年
290,唐代
291,美川王
292,胡安·林茲
293,日本
294,1998年1月1日
295,第一星族
296,司馬休之
297,鈣離子
298,383年
299,羅納爾迪尼奧
300,晉軍渡水突擊，朱序於後軍大喊秦軍已敗。此時秦軍大亂，謝玄等人乘勝追擊，秦軍
301,火山活動造成
302,利奧三世
303,拉丁字母
304,提升飛機的飛行安全
305,丁基羥基甲苯
306,中緬大戰
307,斯德哥爾摩
308,第三紀中新世
309,中華民國
310,高麗時期
311,靳雲鵬
312,1958年
313,《馬德里議定書》
314,446
315,曹魏故都智慧之旅
316,亞德港
317,布爾什維克革命
318,金本位制度
319,邊沁
320,紅色的視錐細胞
321,1928年
322,商品期貨
323,十多個
324,300美元
325,楊宇霆
326,在貴陽市六廣門外修建了當時貴州省最大
327,元世祖
328,混合動力自行車
329,數學
330,亞熱帶季風氣候
331,經濟
332,目前沒有觀察到任何語言純綷以力道來區分不同輔音
333,朱一貴
334,愛爾蘭語
335,失一分
336,銃炮
337,1959年
338,1980年代
339,凱·艾維
340,荇人國
341,1976年
342,希伯來文
343,第四心音
344,2010年
345,武漢
346,1868年
347,托土拉島
348,德國
349,倫敦大學
350,1970年代中期
351,岡仁波齊峰
352,1973年
353,突厥
354,長崎造船廠
355,「南斯拉夫社會主義聯邦共和國」
356,民主制度的恢復
357,硫化物
358,繩文人和大洋洲的諸民族都有與丹尼索瓦人混血的相似性
359,忽必烈
360,中國
361,2000年
362,捲曲
363,奧地利
364,1954年
365,韓國
366,維京戈達島
367,1956年
368,史都華中校
369,1910年
370,突厥
371,中亞新興大國花剌子模在沙阿摩訶末時期崛起，該國訛答剌地方大臣海兒汗亦納勒術前後兩次屠殺蒙古商隊並侮辱蒙古使臣
372,1988年
373,2011年
374,與國家組織合作，使用類似方式。小一些的組織，如國際野生生物保護學會則研究瀕危物種和生態系統。更多的激進組織，如綠色和平組織、地球優先
375,巴爾的摩市
376,中華民國政府
377,社團部
378,認為伊迪絲分散了托爾金對學業的注意力
379,電子郵件
380,孔子
381,楊浦區大連路的地鐵站2號口
382,2005年
383,中國對處決犯人一直採取保密的措施
384,烏爾班八世
385,60年代
386,雙循環泵功能
387,1809年
388,市場狹小
389,民國32年
390,害怕德軍在東線戰線上沒有足夠兵力應付俄國。故此，他決定於西線調派多一些兵力到東線上應付俄軍，此決定令德軍於西線的進攻上遇到更多困難。為迅速取得西線勝利
391,幅員遼闊
392,伯克制
393,受到材料與設計的影響
394,國家起源說
395,斯姆威爾茲
396,中部科學園區
397,宣統三年九月十九日
398,1991年
399,三國史記
400,第二次工業革命
401,突厥語
402,拉海納
403,約翰·坎貝爾
404,8小時
405,百變天后
406,民國16年
407,國立廣東大學
408,亞伯拉罕諸教
409,六億七千多萬美金
410,妖怪
411,專家
412,低地蘇格蘭語
413,礦物的風化
414,非常混亂
415,阿爾泰語系
416,皇太極
417,信陽市
418,5000至7000名
419,男演員
420,質量
421,科技
422,媽祖
423,6個威尼斯人
424,計劃委員會
425,15米
426,蘇丹南部
427,旅帥
428,約八公分
429,2020年代中期
430,太陽
431,那拉氏
432,辛酉政變
433,銅
434,統一企業
435,2456293.520833
436,生物學研究
437,陳誠
438,孫中山
439,與德國單獨媾和
440,德國工業
441,九一八事變
442,1978年
443,日本天皇
444,731美元
445,莫比爾
446,嘉義市
447,保護農業生產
448,肺呼氣機制
449,五角星
450,波斯薩珊王朝
451,航海工業
452,海岸高速路阿22
453,較寧靜
454,中共中央政治局常委會
455,1945年
456,一條簡單的直線
457,236路
458,盟旗制
459,臺南州
460,布朗茜
461,南緯30度
462,一次大戰期間
463,溫布頓網球錦標賽
464,中華人民共和國
465,保守派
466,網景公司
467,《全唐詩》
468,1912年
469,1982年
470,七年
471,奧地利
472,貝爾實驗室
473,陳奕迅
474,吳三連
475,1917年
476,米勒
477,1月8日
478,掃雷艇部隊
479,海都聯軍被海山和晉王甘麻剌擊潰
480,多黨制
481,民國9年
482,80年代
483,公元前第一個千年的中期
484,東晉時期
485,線傳飛控
486,光明星4號
487,烏孜別克人
488,2555公里
489,國共內戰，又稱國共戰爭，是1927年開始，中國境內爆發的內戰。內戰的一方為1947年行憲之前，為中國國民黨領導的國民政府，行憲之後，為民選的中華民國政府，另一方為中國共產黨。整個戰爭可分為兩個階段，第一階段是1927年至1937年間之第一次國共內戰
490,鮮卑
491,茲維亞德·加姆薩胡爾季阿
492,以避免造成路口交通不暢
493,小口徑速射炮
494,荀子
495,清朝
496,7年
497,公共自行車
498,將傳統的靜穩定推向靜不穩定設計
499,中國政法大學
500,瑪黛茶
501,二戰時期
502,鈉鹽
503,江戶時代
504,民國4年12月25日
505,西格里
506,1992年
507,軍政
508,貝爾根
509,太白
510,朱棣
511,十億韓國
512,低稅賦
513,小選舉區制
514,科索沃
515,「反對資產階級自由化」
516,自由放任
517,工業生物技術
518,四年
519,段祺瑞
520,湯瑪斯伊格頓
521,新店
522,1925年
523,蝸頂
524,1970年代
525,上下3%
526,後座雷達官
527,1975年
528,氫硫酸
529,經濟
530,使編輯長頁面更容易
531,黨費
532,在同一個生物體中可能同時有雄性及雌性的生殖器官
533,經濟建設
534,《中華民國臨時政府組織大綱》
535,港式酒樓
536,社會政治運
537,帕吉勒提河
538,「西南美麗的地方」
539,一種與天接近的感覺
540,開羅
541,2013年
542,林紹良
543,1955年
544,多倫多運輸局
545,公元前一世紀
546,柵欄
547,1910年
548,老虎
549,狄拉克
550,唐太宗
551,健康寫實電影
552,1956年7月
553,天狼星
554,中生代
555,伊爾庫茨克國立大學
556,王罕
557,23406人
558,1789年
559,兩個
560,松陽縣
561,朝鮮日治時期
562,張冠李戴地
563,馬馼
564,總兵官
565,《金驢記》
566,哈大客運專線
567,漢風魏韻
568,自然科學
569,反文化運動
570,英國
571,唐文宗
572,b-29
573,都卜勒效應
574,義大利
575,中世紀的漢撒同盟時代
576,聽放線
577,相
578,18個
579,至元三十年
580,保守派
581,南海
582,陶瓷
583,1980年代
584,比利時
585,西佛羅里達
586,1997年
587,隋代運河舊道
588,前3年
589,ucla
590,1959年7月
591,101公里
592,國務院常務會議
593,20倍
594,喬治亞共和國
595,1943年
596,全面性
597,橫位
598,屬聯邦政府之權力，即屬地方所有
599,韓國
600,氯仿
601,土耳其人
602,瀕危物種
603,越戰
604,公民權
605,可再生能源
606,極端大陸性氣候
607,金華
608,1929年
609,法國電信
610,笛卡爾
611,1897年
612,中山盛產海鹽
613,華北財經辦事處
614,市場分析
615,上海南站
616,2006年
617,喜劇片
618,反對同性婚姻者
619,男子
620,反對建文帝削藩
621,
622,朱熹
623,自由民主黨
624,傳播色情
625,植物
626,哈齊客運專線
627,第五區
628,梵蒂岡的武裝軍事力量
629,1983年
630,漢武帝
631,關東地方
632,撤軍
633,巴黎聖母院
634,西方文明
635,東晉常璩
636,1936年
637,預言
638,非商用
639,五桂山
640,枇杷
641,嘉義市
642,一級產業
643,29個
644,民國31年
645,10月23日
646,《希臘、羅馬名人傳》
647,固有詞
648,第二次世界大戰
649,5000噸級
650,威尼斯
651,2015年年底
652,古漢語
653,22年
654,阿列克修斯·杜卡斯
655,霍諾里烏斯
656,喜馬拉雅山脈
657,1937年
658,1964年
659,19世紀
660,油氣開發
661,100公里的高度
662,明孝宗
663,阿圖什
664,第八區
665,1925年
666,照射紫外線
667,九一八事變
668,春秋
669,對大自然的崇拜
670,馬祖
671,1899年
672,牟定縣
673,尼布楚條約
674,中央窩
675,利奧三世
676,「殖民主義」
677,奧德
678,30米
679,2000公厘
680,自主性
681,喬治麥克萊倫
682,赤城鎮
683,纖維心包
684,羅非魚
685,潘普洛納
686,長白山優質天然礦泉
687,1848年
688,《臺灣府志》
689,杜林的標誌是安托內利
690,第八位
691,在一盤中戰至6比6時
692,民國39年
693,北京郵票廠
694,傑伊條約
695,超新星
696,全斗煥
697,2007年
698,dr.rufusb.vonkleinsmid
699,索馬利亞政府司法系統
700,420年
701,軍隊編制問題
702,丁日昌
703,韓國
704,1980年代
705,何韻詩
706,1925年
707,印度次大陸的數學知識最早出現在印度河流域文明
708,2009年
709,湘西土家族苗族自治州
710,許貢
711,少
712,北魏孝文帝
713,李定國
714,22
715,公共健康與醫學領域
716,《新基本法令》
717,1962年
718,洪武三十一年
719,共產黨
720,奧匈帝國
721,蒙古王國
722,白矮星
723,咖啡因
724,司馬元顯
725,階梯狀
726,漳州人
727,6個小時
728,1651年
729,憲法
730,呂驥
731,90年代
732,金日
733,第5
734,愛德華·懷克-史密斯
735,西班牙瓦倫西亞
736,1787年
737,王保保
738,復仇
739,1898年
740,守舊派
741,古巴
742,端敬王后
743,中生代
744,約瑟夫史達林
745,中華人民共和國
746,維持議會的高度集權
747,計劃生育
748,蘇聯遠東軍
749,全國人民代表大會常務委員會
750,福建社團聯會
751,水委一
752,用來嚇阻鳥群
753,推行反共政策
754,5～8％
755,日本
756,分子雲內部
757,鮮卑部落
758,法蘭西人
759,1918年
760,1939年
761,東三省巡閱使衛隊旅旅長
762,巴黎條約
763,1970年
764,威斯康辛大學麥迪遜分校
765,乾燥的時候
766,麻赫穆德·喀什噶里
767,帕拉多霍祭壇組雕
768,兩個分組賽階段的資格賽賽制
769,周貽淦
770,民國16年
771,13世紀
772,三監之亂」
773,周恩來
774,馬略
775,至元十三年
776,磷
777,1970年代
778,圖西族
779,聖餐持紀念說
780,空腹死刑
781,三國志
782,地心說
783,長沙太守
784,熱遲滯現象
785,1978年
786,上海
787,比利時
788,濃硫酸
789,認為每一種事物都是由原子所組成的
790,兄弟國的盟約」
791,2011年
792,二氧化硫
793,1979年
794,義大利
795,農業
796,卡拉恰伊湖
797,宋理宗
798,阿蘭王國
799,臺北
800,共和黨
801,京都廣隆寺
802,二戰
803,1976年
804,上海
805,1949年
806,麻省理工學院
807,階級社會
808,1920年代
809,部隊局
810,1449年
811,1986年
812,隆武帝
813,第一次世界大戰
814,孫叔敖
815,《斯納格的奇妙大陸》
816,雙汗制」
817,78歲
818,半軍事管制
819,中華全國體育總會
820,恆星自轉
821,人文關懷
822,1972年
823,墮胎法
824,因為軍閥混戰
825,中國共產黨解放軍
826,夫餘國
827,人民頻繁的遷移
828,公元7世紀
829,對境外落地的信號實施地面頻道干擾
830,造成政府的長期不穩定，內閣經常改組及解散
831,匈牙利
832,1979年
833,高句麗，但遭到高句麗
834,蘇區
835,臺北縣改制新北市
836,太陽
837,1940年
838,妖怪學
839,1987年
840,社福機構
841,汾河
842,漢卿
843,湯玉麟
844,陳平順
845,主序帶
846,羅貝爾
847,整個站體都位於天橋上的車站
848,1955年
849,防止中華人民共和國進入聯合國
850,金石並用時代
851,天皇
852,朝鮮白頭山
853,德國人
854,2013年
855,羅馬帝國
856,分子雲
857,第一目擊者
858,生存競爭中自由淘汰的結果
859,1987年
860,韓國
861,王孝通
862,哈比亞利馬納
863,哥哥
864,阿瓦魯阿
865,馬麒
866,基因特質
867,印地語
868,焦爾達諾·布魯諾
869,乾隆
870,秧苗長高約八公分時
871,過渡期
872,民國43年
873,地質類學科
874,北京天文臺任研究員
875,咖啡豆
876,狄奧多西
877,2000年6月
878,韓國高鐵
879,美西戰爭
880,尊漢思想
881,蒂羅爾
882,戀人
883,供應服務過多
884,1910年革命
885,洛邑
886,遊牧民族
887,杜慧度
888,憲政改革
889,英國
890,斯塔福德郡
891,元熙元年
892,劉少奇
893,1922年
894,初中
895,指草木或者動物等改變成為的精怪
896,東德使館
897,冷戰時期
898,1961年
899,核心
900,顯微注射
901,馬可波羅
902,新羅馬
903,上海鐵路局
904,離岸人民幣
905,為了確保比利時的中立
906,路德的德語聖經
907,使用精子庫
908,燃燒燃料的速度
909,加拿大第三師
910,120天
911,1950年代
912,文藝復興運動
913,性犯罪
914,文藝復興
915,楚州
916,1590年
917,1990年10月3日
918,埃姆斯蘭
919,柏林國際廣播電台
920,本超星系團
921,春秋時期
922,使郵驛通信十分有效地發揮效能
923,媒體維基
924,人文
925,1949年
926,67個
927,10月24日
928,1884年
929,俄國
930,大慶油田
931,私立大學
932,漢諾瓦的技術信息圖書館
933,為早期韓國華僑的聚集所在
934,李雄
935,許榮茂
936,汪大淵
937,英語
938,秈稻
939,宋真宗
940,120%
941,美國聯邦調查局
942,9月
943,其副汗或小汗多帶有伊利的的稱號
944,剛毅
945,路易十四
946,韓國
947,0.07個太陽質量
948,閩南人
949,民國28年
950,李煥之為此曲寫作、1953年
951,公共汽車
952,核質
953,鴨巴甸
954,東正教
955,八角鼓
956,迦太基式的和平
957,文化大革命
958,1642年
959,徐載弼
960,貴由
961,匈奴人
962,芝加哥大學
963,造船業
964,後三點收放式起落架
965,紐格威森林
966,2012年
967,拿破崙
968,戴克里
969,166年
970,藍本
971,市場經濟
972,1961年
973,亞歷山大六世
974,1871年
975,四五運動
976,70年代初
977,1958年底
978,一些國家採胡漢分治的制度
979,涵元門
980,杜甫
981,漢文
982,12次
983,科學社會學
984,1138公頃
985,《中華人民共和國村民委員會組織法》
986,荷蘭
987,聯合國
988,成功奪得影帝最佳男主角寶座
989,內陸山區
990,國大黨
991,白堊紀滅絕事件
992,模特
993,異端邪說
994,1258年
995,元朝
996,1929年
997,1972年
998,新式鐵製蒸汽船
999,文森特
1000,反環境保護主義
1001,詹姆士·麥迪遜
1002,1946年
1003,蘇聯紅軍
1004,外匯帳戶
1005,1991年
1006,甘迺迪政府學院
1007,太陽
1008,修道主義
1009,1999年
1010,安德魯•傑克遜
1011,中國
1012,1960年
1013,國務委員會委員長
1014,芝加哥公牛隊
1015,蓋戳形式
1016,東校區
1017,100萬到1兆倍
1018,第三代
1019,匈奴
1020,9月6日
1021,君主制
1022,工程化核酸酶
1023,伊薩克二世
1024,統帥
1025,外部刺激
1026,蔣中正
1027,臺灣本身財政負擔
1028,武漢行營副主任
1029,為了躲避戰亂
1030,朝鮮半島
1031,35.3億韓圓
1032,狄拉克
1033,落實外交政策
1034,1823年
1035,輔音
1036,三人團
1037,舊石器時代
1038,166年
1039,荀子
1040,集團軍
1041,半日制學堂
1042,尷尬事件
1043,愷撒
1044,韓語
1045,倫敦霍洛威
1046,佛教
1047,烏爾蘇拉
1048,1964年
1049,印度洋
1050,維持現狀
1051,挪威
1052,南北戰爭
1053,軍事介入失敗
1054,南華縣
1055,英國人
1056,李紳
1057,在道路無需軌道行駛上的電車
1058,帝位世襲
1059,1060公釐
1060,1941年
1061,唐史學家
1062,荊州劉表
1063,慶元
1064,軍事委員會北平分會副委員長
1065,英美法系
1066,石油危機
1067,唐朝
1068,奧斯陸峽灣
1069,1920年
1070,硫代硫酸氨
1071,《金雲翹傳》
1072,89萬人
1073,1912年
1074,1627年
1075,區域性污染
1076,阿內加達島
1077,唐生智
1078,夏季
1079,新北地方法院
1080,馬克西米安
1081,6世紀
1082,24
1083,甘肅省
1084,搶七局
1085,1所
1086,羅馬宗座
1087,一個
1088,「破四舊」
1089,三次
1090,為了獲得大寧地區的駐牧權
1091,梵語
1092,郭松齡
1093,爆炸性
1094,雲南省第二殖邊督辦公署
1095,明朝時期
1096,1968年
1097,具備多功能性
1098,1932年
1099,吉田定房
1100,世稱恭順
1101,氣候分類系統
1102,二戰
1103,募兵制
1104,吳國
1105,汗位取得不合法
1106,奧東·德拉羅什
1107,海旁東
1108,帕塔普斯科河
1109,1945年
1110,義熙十一年
1111,戰時研發商
1112,赫爾辛基
1113,《男人四十》
1114,羅馬帝國
1115,1846年
1116,辛亥革命
1117,史夔
1118,「合會朱陸」
1119,阿希佩戈拉公國
1120,阿拉伯半島
1121,亞歷山大一世
1122,加州尤巴城
1123,君主
1124,天下人
1125,日本
1126,尼古拉斯·尼葛洛龐帝
1127,朱序
1128,石油危機
1129,教育產業化
1130,1992年
1131,康拉德·阿登納
1132,山東半島
1133,聖奧古斯丁
1134,大約公元185年
1135,弱勢群體
1136,大正天皇
1137,西區圖書館
1138,北齊
1139,足利義輝
1140,內戰
1141,中華人民共和國衛生部
1142,人人平等
1143,斯拉夫人
1144,第4
1145,聯邦制
1146,1807年
1147,英國
1148,瑞士蘇黎世州
1149,七月初四
1150,德國
1151,76間
1152,民國19年
1153,50元
1154,國民黨分裂出來的「新臺灣人服務團隊」分散了泛國民黨支持者的票源
1155,7局
1156,免耕拋秧法
1157,七個
1158,周恩來
1159,卡加梅
1160,93位
1161,悉曇體
1162,5月17日
1163,財務分析工具
1164,土文化
1165,海軍少尉
1166,德川家康
1167,空射火箭
1168,1836年
1169,敘利亞
1170,上海
1171,德里克·羅勃茲
1172,伊斯蘭教
1173,以和平方式抱住大樹來阻止森林砍伐
1174,哥廷根亨德爾國際音樂節
1175,滬昆高速公路
1176,夜裡10點
1177,法國
1178,歐德謨
1179,道本頓
1180,通州張家灣
1181,青春勵志片
1182,《血盟救國軍軍歌》
1183,廣州
1184,聽診器
1185,法蘭西第二帝國覆亡，取而代之的是法蘭西第三共和國
1186,唯泰主義
1187,1993年
1188,《海峽兩岸服務貿易協議》
1189,中路軍
1190,自由主義
1191,1874年
1192,每一聲波周期因而都可以有一定數量的纖維同步發放
1193,卡斯特拉
1194,李克強
1195,河東道
1196,不是所有的軟體都能很好地支援所有的特殊字元和那些從右向左寫的語言
1197,希波丹姆
1198,熱帶稀樹草原
1199,法國
1200,抗日民族統一戰線
1201,63個
1202,46公里
1203,十六世紀
1204,帕多瓦大學
1205,八千多年前
1206,吉隆坡
1207,1885年
1208,不承擔國家賦役
1209,發展局
1210,該處是最溫暖的
1211,北京電視台
1212,舟山撤退
1213,十月革命
1214,德國
1215,美國大學協會
1216,公共教育經費
1217,日本關東軍
1218,開京
1219,美國大蕭條時期
1220,以平抑物價
1221,拉丁人
1222,明文
1223,蔣介石
1224,全印穆斯林聯盟
1225,受通古斯人壓力
1226,喇嘛教
1227,鎌倉時代
1228,太陽圈
1229,建設中國特色社會主義
1230,劉裕
1231,東正教
1232,法蘭西王國教會
1233,佛教
1234,三代
1235,東正教
1236,臺北市
1237,鄧小平
1238,南斯拉夫
1239,武陵
1240,殺蟲
1241,法國大革命
1242,自由韓國黨
1243,否決權
1244,二十世紀
1245,積極進攻，以奪取抗金戰爭的勝利
1246,加拿大
1247,1926年
1248,義大利汽車之都
1249,火箭發動機
1250,機械門控通道
1251,在軌道上驅動列車
1252,聖喬治拉丁文學校
1253,23年
1254,1948年12月1日
1255,武宗系
1256,私兵制度
1257,魏博拉盧比民達行業工會
1258,文章奧府
1259,繁衍後代所需基因物質產生的方式
1260,非洲
1261,瓊州海峽
1262,安德魯約翰遜
1263,普林斯頓大學
1264,83年
1265,釣魚台國賓館
1266,伊達政宗
1267,量子物理學的進展
1268,民國5年
1269,日本金融廳
1270,潘章
1271,班傑明·富蘭克林
1272,高雄
1273,第二代
1274,日美神奈川條約
1275,北京
1276,室溫
1277,哈利里德
1278,號反射強度
1279,柏拉圖
1280,波蘭
1281,臺灣舉行總統大選
1282,英祖四年
1283,改良式腳踏車
1284,我們說相聲
1285,二人
1286,1830年
1287,中國
1288,八月
1289,行為主義元素
1290,廣州話
1291,傑瑞·威斯特
1292,粳稻
1293,挪威
1294,1800
1295,中國郵政集團公司
1296,拒絕清朝提出的條件
1297,我們是一個民族！
1298,安納托利亞人
1299,福島縣會津地區
1300,1913年
1301,土地銷售
1302,阿拉曼人
1303,史蒂夫·鮑爾默
1304,天花病
1305,牡丹峰樂團
1306,印度
1307,3
1308,周敦頤
1309,下薩克森邦
1310,朱利烏斯·凱撒
1311,「豫
1312,1919年4月13日
1313,1133515人
1314,喃字
1315,排灣族
1316,牛津大學
1317,普選制度
1318,高宗
1319,2015年
1320,1969年
1321,基民盟
1322,三合院的前院曬穀
1323,九年一貫之綱要文句太含糊
1324,488年
1325,病態賭徒
1326,全國人民代表大會
1327,外太空
1328,黃中理
1329,所定扶助弱小民族使之自治自決
1330,西班牙
1331,1905年
1332,美國
1333,較便宜的鐵
1334,維歐勒·勒·杜克
1335,廣東省
1336,聖母大學
1337,羅馬法
1338,應用心理學家
1339,希臘
1340,拉丁字母
1341,《中俄密約》
1342,詹姆斯·史都華
1343,聯邦和各成員單位的雙重國籍
1344,克拉克望遠鏡
1345,生物質
1346,秘書處
1347,就地掩埋稻草
1348,66種
1349,類比訊號
1350,回族
1351,視錐細胞
1352,人口眾多
1353,威廉二世
1354,遵義會議
1355,《我於青春無悔》
1356,君士坦丁大帝
1357,美國國家草地網球聯盟
1358,8月26日
1359,希臘
1360,鐵鉉
1361,外交手段
1362,1887年
1363,2008年
1364,阿基米德
1365,2010年
1366,1918年
1367,對刺激的回應
1368,魯宗之
1369,荷蘭東印度公司對日本幕府散播西班牙企圖顛覆德川幕府陰謀
1370,朝鮮王朝實錄
1371,2012年
1372,生物動力學
1373,印度洋暖濕氣流
1374,太白山脈
1375,中國在外蒙主權
1376,耐高溫
1377,民國十八年
1378,濟州島
1379,一萬兌一比率
1380,25個
1381,東北停戰協定
1382,1996年
1383,1985年
1384,4世紀
1385,顯示自己的獨立自主
1386,13世紀
1387,港鐵九龍灣站
1388,1980年代
1389,1997年
1390,牛津大學
1391,折下吉延
1392,越南
1393,1914年
1394,為會議提供傳譯服務
1395,2300多種
1396,對能源的需求持續增長
1397,女性
1398,40倍
1399,1959年
1400,發紅
1401,1856年
1402,忽必烈
1403,反革命事件
1404,王光美
1405,理察·科伯恩·麥克勞林
1406,西德
1407,1624年
1408,15%
1409,道格拉斯
1410,奈及利亞
1411,亞洲
1412,2000年
1413,重力作用
1414,桑
1415,二戰後，大量從東歐和波羅的海沿岸的前德國疆土被驅逐的難民在下薩克森邦落腳定居
1416,2013年2月11日
1417,1973年
1418,爭取民族權利
1419,明治大學
1420,科學上的哲學家
1421,10萬人
1422,惠宗
1423,抗佝僂病
1424,馬來-玻里尼西亞語族
1425,45%
1426,預算限制
1427,意識型態
1428,城市
1429,元代
1430,43人
1431,限制性消化
1432,劉氏
1433,超級模特兒
1434,兩層
1435,志費尼
1436,中國共產黨
1437,《鋼鐵是怎樣煉成的》
1438,1994年12月1日
1439,最高榮譽大獎
1440,錫克教
1441,1986年
1442,《安邦定國誌》
1443,水上人漁民
1444,省級公園
1445,米高彭博
1446,伊斯蘭教
1447,徐樹錚
1448,明太祖
1449,歷史博物館
1450,阿內加達島
1451,反射
1452,外國不可能介入內戰
1453,朝鮮民主主義人民共和國
1454,下層階級
1455,公共救濟
1456,非洲國家
1457,大學
1458,九龍灣
1459,廣州
1460,佛教
1461,陳朝
1462,11000間
1463,有色人種
1464,共產國際
1465,漢諾威
1466,中央電視台高清綜合頻道
1467,石亭之戰
1468,《蘇蒙修好條約》
1469,主體史學
1470,球皺褶
1471,1662年
1472,1884年
1473,第二產業
1474,俄羅斯
1475,伍斯特
1476,表面積
1477,大量的中東歐地區的共產黨喪失了政權
1478,張議潮
1479,新幾內亞
1480,正德十一年
1481,瘟疫四竄
1482,法國
1483,喜馬拉雅山
1484,英國廢止劃分孟加拉
1485,沙俄軍隊
1486,200萬立方公尺
1487,黑龍江
1488,1992年
1489,北角
1490,新界
1491,蔣中正
1492,大和國
1493,佛教
1494,500hz以下的聲音對基底膜的影響
1495,無性生殖
1496,黑色主題
1497,母親病危
1498,第十五屆奧運會
1499,鬍鬚狀
1500,阿拉巴馬州
1501,鋤草祭
1502,f4u
1503,600年
1504,為迎接2010年上海世界博覽會的召開
1505,1980年
1506,1958年
1507,俄羅斯聯邦軍隊
1508,南方墨點法
1509,路易斯一世
1510,《時代》
1511,極權主義
1512,《布列斯特-立陶夫斯克條約》
1513,路易·勒沃
1514,加的斯
1515,後燃器
1516,恩域塔球場
1517,東吳
1518,海煤
1519,自體授粉時
1520,1929年
1521,想取快錢
1522,徐家匯
1523,比爾蓋茲
1524,忽必烈
1525,華人
1526,南斯拉夫內戰
1527,《塘沽協定》
1528,烏蘭烏德
1529,1897年
1530,巴拉克·歐巴馬
1531,2008年1月27日
1532,降低成本
1533,這些決策局的重組方式，例如將原來關係不大的環境及運輸合於一局
1534,杭州筧橋機場
1535,汪達爾人
1536,「結束戰爭」
1537,管理所屬行政區域的地方官員
1538,興王
1539,衛奕信
1540,非歐幾里
1541,2009年
1542,全國重點文物保護單位
1543,忽必烈
1544,茶峒鎮
1545,稀薄的埃歐大氣意味著未來以任何方式著陸埃歐的探測器都不需要安裝隔熱板來保護儀器
1546,惠金斯原理
1547,黑龍江
1548,波士頓理工
1549,兩年
1550,2010年
1551,為了便於管理漢地
1552,喬托號
1553,無以得知
1554,烏里雅蘇臺將軍
1555,聖西門主義
1556,日治時期
1557,蔡鍔
1558,中國
1559,「臨軍征討，稽期三日者，斬。」
1560,澳大利亞新南威爾斯州
1561,一顆恆星相對於太陽運動
1562,聖方濟·沙勿略
1563,羅馬共和國時期
1564,胚芽附近，還有漿狀的胚乳會不斷增加，使子房日漸肥大。外觀
1565,韓國
1566,藍屋
1567,薩伊
1568,1937年時發生在茂宜島上的聯合罷工為期多久?為美國海軍的集結地、訓練基地和休養中心，是太平洋戰場的重要據點之一。在1943年至1944年期間，島上的美軍士兵總數達到了10萬人的最高紀錄。同時，美國海軍第四艦隊的主基地就位于海庫。島上的多個沙灘也被用來演習登陸戰以及各種海戰類型。
1569,五個
1570,張三祿
1571,15世紀
1572,文藝喜劇片
1573,劉琮
1574,高血壓
1575,北燕
1576,《中華人民共和國全民所有制工業企業法》
1577,試圖平衡人類和各種自然系統的關係，能夠讓各個成分取得合適的可持續性發展地位
1578,城市物質形態
1579,環境保護主義
1580,773年
1581,懷柔區
1582,七間
1583,民間反應不佳
1584,光緒十年
1585,1970年代
1586,希臘語
1587,西班牙
1588,神經源性
1589,加拿大
1590,七個
1591,安定
1592,德國
1593,乾旱
1594,《內戰記》
1595,新北市
1596,甲午戰爭
1597,因為政府採取反共措施
1598,1910年
1599,拉丁字母
1600,1935年
1601,四角號碼檢字法
1602,8.6%
1603,浙江海商
1604,巴西
1605,歐洲聯盟委員會
1606,增加西側的空曠程度
1607,德國
1608,蘇聯
1609,七年戰爭
1610,100米以上
1611,咖啡因中毒
1612,國民政府
1613,漢江
1614,青光眼
1615,狄托主義
1616,學權部
1617,1984年
1618,射擊斷續器
1619,5位
1620,芽孢炭疽桿菌
1621,1945年
1622,北宋
1623,米高梅
1624,1988年
1625,「記錄」號
1626,英國
1627,耶穌會
1628,一戰前夕
1629,鐵鉉
1630,張伯倫
1631,《義勇軍進行曲》
1632,棉花
1633,卡洛·埃馬努埃萊一世
1634,賀知章
1635,犯人流放之地
1636,漢人不斷侵佔平埔族土地
1637,主序前星
1638,貝加爾湖
1639,厄德
1640,羅馬共和國中後期
1641,當時儒教興盛
1642,「危坐二堂，絕無懼色」
1643,克里斯蒂安尼亞
1644,無限制潛艇戰
1645,哈大客運專線
1646,亞熱帶常綠闊葉林
1647,1947年
1648,普法戰爭
1649,蒙費拉侯爵博尼法斯二世
1650,約翰·莫根
1651,耐腐蝕性
1652,1852年
1653,咖啡因
1654,革命外交
1655,1972年
1656,用於保衛大都
1657,汪精衛
1658,體育部
1659,單斜棱晶體
1660,江蘇督軍
1661,水牛城勇士
1662,孫中山
1663,七月十一
1664,賽丁泉天文台
1665,殖民政策
1666,xx染色體
1667,咖啡俱樂部
1668,16世紀以後
1669,潮濕的大陸性氣候帶
1670,配子
1671,猶太人
1672,孟郊
1673,德克薩斯州石牆郡
1674,皖系軍閥
1675,清廣東水師提督
1676,1965年
1677,1967年
1678,奧古斯都
1679,哲布尊丹巴
1680,丁旿
1681,負責制訂政策，並由各有關部門負責執行
1682,1861年2月9日
1683,閏3月19日
1684,漢字
1685,安托萬·拉瓦錫
1686,伊斯蘭教
1687,流體靜力平衡的狀態下：在任何一個小體積內的力量相互之間幾乎確定都是完全平衡的。平衡的力是向內的萬有引力和恆星內部由於壓力梯度產生向外的壓力
1688,宋真宗
1689,眾議院
1690,重要的財源
1691,盧安達法郎
1692,皖浙贛獨立團
1693,德川家康
1694,經濟蕭條
1695,世族
1696,1853年
1697,銅鑼灣至太古一帶
1698,民國37年
1699,1270年
1700,不同控制面的使用型態
1701,三個
1702,香山縣南朗翠亨村
1703,後金
1704,諸葛亮
1705,江河級驅逐艦
1706,2015年
1707,21473平方公里
1708,傳教士
1709,颶風
1710,聯合國世界氣象組織
1711,高品質的衣服布料
1712,海河流域
1713,蒙哥
1714,約700家
1715,中國溧陽茶葉節
1716,全市綠化比例高
1717,收到十二道金牌班師回朝
1718,澳大利亞
1719,和林哈拉
1720,5月20日
1721,7980年
1722,1962年
1723,青島海軍基地
1724,姑臧
1725,有設置mars系統可以進行連線購票的簡易委託車站
1726,張作霖
1727,波蘭進入戰時狀態，實行軍事管制
1728,西方遊客
1729,視網膜神經節細胞
1730,黎元洪
1731,鳳至
1732,中華民國台灣
1733,第二次世界大戰
1734,1961年
1735,白光
1736,陳誠
1737,1966年
1738,奈特·麥克米蘭
1739,無佛像時代
1740,1977年
1741,白色
1742,自由聯合關係
1743,三次
1744,英國
1745,孫志剛事件
1746,《劃一現行各道地方行政官廳組織令》
1747,建築於高山上的城堡
1748,1948
1749,蒸汽膨脹
1750,隋煬帝
1751,石碇區石碇里
1752,日本
1753,美國心臟學會
1754,大英帝國
1755,八篇書
1756,英國
1757,薩爾煤礦
1758,路易十四
1759,合作派
1760,思覺失調症
1761,泰晤士河爆發
1762,1
1763,1990年代
1764,阿弗剌昔牙卜
1765,24%
1766,高麗國
1767,後現代主義
1768,1828年
1769,第三名
1770,學生仲裁評議委員會
1771,西安招待所
1772,1349年
1773,湯瑪斯傑佛遜
1774,新春期間
1775,郵值標籤
1776,赫羅尼姆斯·沃爾夫
1777,1989年
1778,宙斯
1779,農耕節
1780,俄國革命
1781,為了制衡德軍
1782,李雄
1783,西洋棋殘局
1784,敵我矛盾
1785,獨立性
1786,西塞羅句法
1787,10
1788,湖熟
1789,英國
1790,木衛一
1791,愛滋病毒
1792,1993年
1793,外蒙古
1794,張聞天
1795,烏托邦
1796,法家
1797,五個
1798,因為通古斯地區過於偏遠
1799,安大略湖
1800,羊肉
1801,
1802,劉駿
1803,將部分河水導入恆河運河
1804,雙重匯率制度
1805,英國
1806,詹姆斯·史都華
1807,公民私有財產權的法律保障與價值確認
1808,七歲
1809,法國
1810,1928年
1811,5個
1812,6500k
1813,曼哈頓
1814,清咸豐年間
1815,君士坦提烏斯
1816,外省人
1817,關西
1818,甲醇
1819,太祖王
1820,牛隻列印問題
1821,英國
1822,隱遁鄉里，終生不願意出仕
1823,中華人民共和國
1824,1590年
1825,1941年
1826,細胞核
1827,通過一個閥門分開。瓦特在伯明罕發明了這個改進。這個改進提高了蒸汽機的效率。下一個改進是將閥門的操作自動化。這些早期的真空蒸汽機的效率有限，但它們比較安全，因為它們的壓力比較低，在物質發生損壞的情況下機器向內收縮，而不是向外爆炸。它們的效率受外部氣壓、氣缸變形、燃燒和沸騰的效率和凝結能力的限制。理論最高效率受水在普通大氣壓下比較低的沸騰溫度限制。使用高溫高壓的蒸汽為蒸汽機的效率帶來了巨大的提高。但這種蒸汽機比真空蒸汽機危險得多。鍋爐和機器的爆炸造成了許多大事故。安全閥在這裡帶來了很大的改進，在壓力過高的情況下安全閥放氣減壓
1828,十月革命
1829,俄羅斯
1830,為了維護毛的權威
1831,幅員遼闊，選舉人數超過三百萬
1832,1943年
1833,大多倫多地區
1834,文化
1835,超過9倍太陽質量
1836,赫伯特·喬治·威爾斯
1837,純的硫是黃色的晶體
1838,「資產負債表」
1839,德川家康
1840,日本
1841,+1.41
1842,臺北市仍在
1843,韓國
1844,1789年
1845,下薩克森邦邦政府
1846,泰勒斯
1847,17.5%
1848,繼續進行
1849,鮑羅廷
1850,杜林
1851,金合歡
1852,13倍
1853,黃埔軍校
1854,《紅樓夢》
1855,一百多年
1856,1970年
1857,雲南
1858,14世紀末
1859,電子郵票
1860,儒字
1861,十字軍洗劫君士坦丁堡
1862,尚比亞
1863,俄國
1864,成熟階段
1865,閉門思過
1866,吠陀梵語
1867,1950年代
1868,羅伯特·波義耳
1869,湯·韋迪加
1870,托木斯克州
1871,提奧多雷
1872,民用航太
1873,706萬
1874,一夫一妻多妾制
1875,伊莉莎白
1876,義大利
1877,2000年
1878,1932年
1879,天國的階梯
1880,路易-菲利普
1881,阿布巴卡爾
1882,吳兆南相聲劇藝社
1883,《古魯·格蘭特·薩希卜》
1884,1865年
1885,翟中和
1886,1924年
1887,德國財政局
1888,9%
1889,楊宇霆
1890,法國
1891,詹姆斯·史都華
1892,周恩來
1893,我一日未受詔，父一日在朝榮耀，又一次拒絕清朝提出的條件。同年，南明西寧王李定國與鄭成功聯繫，希望從東、西合力進攻廣東，則明朝勢力得以合流；若再沿長江北伐，攻贛、皖、蘇各省，則復興大業有望矣。鄭成功派林察、周瑞督軍西進，卻因故延誤了與李定國的約期；致使李定國孤軍奮戰，雖克復肇慶，卻於廣州城外大敗而回。李定國本來對與鄭成功會師北伐，抱有很大期待，甚至促成李、鄭連姻來鞏固盟誼；但卻因鄭成功屢愆軍期而誤了大事，李定國對此相當失望。同年十一月，清漳州協守劉國軒向鄭成功投降
1894,光化學煙霧
1895,藍營
1896,國務會議
1897,洛厄爾天文台
1898,加拿大式雙打
1899,三名
1900,中日甲午戰爭
1901,金門
1902,電氣化鐵路
1903,《資治通鑑》
1904,2006年
1905,中華民國實業部
1906,1966年
1907,多倫多
1908,「大學生的城市」
1909,約翰·洛克菲勒
1910,1960年代末
1911,1815年
1912,埃德溫·哈勃
1913,胡季犛
1914,有絲分裂
1915,議會制國家
1916,2005年
1917,喇嘛教
1918,莫斯科
1919,五分之一
1920,《英語詞典》
1921,魔獸世界
1922,克倫威爾路
1923,《鳳凰劫》
1924,日本
1925,火山釋放的硫
1926,蘇維埃俄國
1927,水門事件
1928,中山
1929,閻錫山
1930,1997年
1931,托爾金
1932,龍興之地
1933,開放市場的需要
1934,阿伊努人
1935,1919年
1936,五倍
1937,原子能
1938,艾森豪
1939,3400萬
1940,網球正拍擊球
1941,帕西瓦爾·洛厄爾
1942,二二八事件
1943,紅色
1944,澎湖
1945,亞硫酸
1946,儒學
1947,1998年
1948,民國時期
1949,毛澤東
1950,1950年
1951,這項觀測因為高輻射的環境
1952,維基媒體
1953,二氧化碳
1954,1939年
1955,清朝末年
1956,城堡
1957,哲學原理
1958,1997年
1959,第六次全國人口普查
1960,北大西洋
1961,1455年
1962,鄧穎超
1963,代表宇宙秩序
1964,傳統音樂
1965,為了提防燕王謀反
1966,法國
1967,保加利亞
1968,恢復市場的功能
1969,北非
1970,中華民國政府
1971,1834年
1972,淋巴液
1973,「斷罰出征，並全征燒埋銀」
1974,1901年
1975,十八歲
1976,近年
1977,農歷新年
1978,阿布海兒汗時代
1979,必要時的緊急能量補充
1980,1312年
1981,1970年
1982,30℃
1983,以色列
1984,對於無性別的宦官與宮女的結合
1985,兩個
1986,對日抗戰
1987,1989年
1988,元武宗
1989,天文學家
1990,毛澤東
1991,美國
1992,國際非政府組織
1993,2014年12月
1994,中部科學園區
1995,台北市立體育場
1996,曹議金
1997,冷戰期間
1998,1893年
1999,收容遣送制度
2000,中國國民黨
2001,《一種美味》
2002,狄拉克
2003,垂下，金黃飽滿時
2004,移民實邊
2005,水軍
2006,中國青年黨
2007,矽燃燒過程
2008,劉少奇
2009,瑞士洛桑國際管理學院
2010,即捕即解實施前
2011,著陸
2012,對受壓制人民的同情
2013,丹尼爾奧爾特加
2014,幾何學
2015,1998年1月1日
2016,風之國度
2017,蠻族事務局
2018,噶爾丹入侵喀爾喀時喀爾喀人
2019,首席的元老
2020,11世紀
2021,阿普列尤斯
2022,猶太人
2023,光度
2024,克萊斯勒貸款法案
2025,省務會議
2026,1610年1月7日
2027,荷蘭
2028,喬治亞
2029,1835年
2030,六四天安門事件
2031,類比訊號
2032,「通俗的」
2033,每秒30轉
2034,哭泣
2035,1955年
2036,1987年
2037,洪堡
2038,1847年
2039,唐玄宗
2040,1968年
2041,不動產
2042,其英文縮寫首字母為「ㄟㄙ·ㄎㄟ·ㄨㄞ」
2043,林肯總統
2044,下薩克森邦風景怡人
2045,元末民變
2046,世界上只有兩片區域分布著黑土地
2047,上尉特別官佐
2048,1599年
2049,3個
2050,香港國際機場
2051,暴力革命
2052,馮國璋
2053,普魯士
2054,高句麗
2055,西伯利亞鐵路
2056,溧陽
2057,學會部
2058,富蘭克林·德拉諾·羅斯福
2059,科什圖尼察
2060,1600個
2061,美國憲法第十九修正案
2062,500毫升
2063,古代
2064,民國二年
2065,蒙古人
2066,正德十三年
2067,橫紋肌
2068,愛爾蘭共和國
2069,eca國際
2070,毛澤東
2071,蒙哥汗在合州的釣魚城之戰戰死
2072,瀧川
2073,莫高窟
2074,電穿孔細胞
2075,建造在中國的第一座主教座堂將其命名為聖方濟各沙勿略堂
2076,2次
2077,1924年
2078,日本
2079,白銀
2080,宮田製銃
2081,經濟問題
2082,1米93
2083,鹿兒島
2084,外籍家庭傭工
2085,縱貫鐵路山線段
2086,《1956年清潔空氣法》
2087,傑米尼安諾·蒙塔納利
2088,大陸新移民
2089,亞里斯多德
2090,教法
2091,近海戰鬥
2092,菲利浦五世
2093,阿爾卑斯山
2094,教育副官之職。第二年，學校設炮兵科，因陳誠出身保定軍校炮科，就改任炮兵科教官
2095,1984年
2096,何鳳山
2097,一億光年
2098,1995年
2099,紅矮星
2100,日語
2101,阿爾法級別
2102,20世紀
2103,草本
2104,涵元殿
2105,奧斯卡·赫特維希
2106,1971年
2107,英國
2108,馮國璋
2109,增強孩子免疫
2110,民國18年
2111,年降雨量平原地區
2112,1916年
2113,法國東部
2114,灣仔
2115,拉丁語
2116,南亞
2117,婆羅摩笈多
2118,貝聿銘
2119,世界的中心
2120,第53
2121,工業革命
2122,主教座堂最初位於威縣趙家莊，不久遷移到獻縣張家莊
2123,一次世界大戰時期
2124,大量安眠藥
2125,史坦波中心
2126,《科學怪人》
2127,詹姆士·波爾克·詹森
2128,f-16
2129,日本
2130,《麥健時報告書》
2131,江蘇
2132,朱齡石
2133,中共中央副主席
2134,毒氣
2135,連接子
2136,普洱專區
2137,被僱人
2138,英國倫敦溫布頓
2139,國君身邊的齊泰和黃子澄為奸臣
2140,1529年
2141,佐世保重工業
2142,申城
2143,德川家
2144,河川
2145,岩石圈
2146,香港日治時期
2147,聯邦儲備系統
2148,1925年
2149,由新界鄉村的代表組成
2150,德國
2151,亞熱帶
2152,1975年
2153,日本
2154,反共思想
2155,首爾話
2156,俄羅斯車里雅賓斯克
2157,王藍
2158,胡錦濤
2159,東晉元帝
2160,最低層
2161,漢文
2162,絲綢之路
2163,5642米
2164,殺蟲劑中毒
2165,寮國
2166,產業工會聯合會
2167,通惠河
2168,薩繆爾
2169,南奧塞提亞自治區
2170,浮動匯率制度
2171,農業
2172,秋天
2173,將兩國國界以黑龍江為基本界限劃清
2174,「永興」
2175,雲南省
2176,德國
2177,土地改革
2178,陽邁一世
2179,凱瑟琳·赫本
2180,一大批來自原第三帝國東部的難民想要在這個地緣遼闊的邦找到棲身之地
2181,內戰中取勝
2182,玉泉北路
2183,1789年
2184,280天
2185,旅遊業
2186,柏拉圖
2187,國家地質總局
2188,2007年
2189,國家歷史文化名城
2190,維基媒體基金會
2191,一省
2192,亞穆納河
2193,高昂的嫁妝
2194,小學
2195,「最佳演唱團體獎
2196,將她視為君主妾室
2197,防火能力
2198,現代精神醫學
2199,機炮
2200,寧古塔副都統
2201,德國柏林影展
2202,接合
2203,第四心音
2204,李白
2205,世襲制度
2206,韓國海關
2207,英屬印度
2208,2009年
2209,牛胃氣膨脹
2210,玉帶河
2211,吠陀梵語
2212,受道家老子思想的用詞影響，以格義方式漢譯而成
2213,平面模特兒
2214,印第安納大學俱樂部
2215,為了降低飛機被偵測到的機率、距離和避免被持續追蹤的可能
2216,1960年代
2217,王田交流道
2218,高科技產業
2219,東芝
2220,新北市
2221,川本芳昭
2222,伊斯蘭教
2223,一年
2224,割讓土地
2225,八六學潮
2226,2002年
2227,620年
2228,民國2年2月25日
2229,第一公民
2230,現代主義
2231,天主教
2232,美利堅聯盟國
2233,亞歷山大·塞維魯
2234,1958年
2235,1929年
2236,數學科幻
2237,心內膜墊
2238,菲律賓
2239,湯瑪斯·勃蘭契特·瑞德
2240,周恩來
2241,超音速
2242,p-51
2243,日本
2244,民國37年
2245,模擬別人的言行
2246,1900年
2247,李察·賓特利
2248,印尼
2249,康熙四十八年
2250,荊州
2251,摩利爾法學院
2252,22個
2253,克里米亞戰爭
2254,大尉
2255,北京
2256,1945年
2257,倭寇
2258,閉關鎖國
2259,1972年
2260,2013年
2261,史達林
2262,佳木斯
2263,1918年
2264,年輕恆星
2265,非金屬類材料
2266,阿拉貢王國
2267,聯合國人權委員會
2268,庫里爾台大會
2269,氫
2270,足式臀位
2271,費城學院和研究院
2272,二氧化碳
2273,穀類作物
2274,勒布夫
2275,xy染色體
2276,後代
2277,熱帶雨林氣候
2278,王白駒
2279,劉備
2280,第三心音
2281,咸康七年
2282,全金屬
2283,道格拉斯
2284,玉米
2285,東羅馬帝國
2286,五個
2287,民國25年
2288,松花江
2289,法國
2290,宋太祖趙匡胤
2291,兩個太陽能電池板
2292,2008年
2293,南北韓高級別會談機制
2294,紅水河
2295,新蒙古人種
2296,斯芬·佩斯
2297,2001年
2298,大道東
2299,27千兆瓦
2300,副熱帶濕潤氣候
2301,1200萬名
2302,總督
2303,2008年
2304,29.48萬人
2305,1982年
2306,鞏高峰
2307,杜篤瑪
2308,12個
2309,西伯利亞
2310,櫻花大道
2311,焦爾達諾·布魯諾
2312,國際網球協會
2313,僑州郡縣
2314,比較具體的修飾手法
2315,官僚主義者
2316,刺史
2317,四個腔隙
2318,1180年
2319,三歲
2320,失眠
2321,雷焦卡拉布里亞國家考古博物館
2322,阿克爾自治市
2323,香港人
2324,都市計劃
2325,西班牙
2326,布爾人
2327,胎兒
2328,校園一卡通
2329,第18
2330,海澄公
2331,氮氣
2332,外國人
2333,唐生智
2334,金銀珠寶
2335,1919年
2336,1939年
2337,收藏品
2338,噪聲
2339,西塞羅
2340,白河
2341,蘇聯海軍
2342,音樂
2343,《四十二章經》
2344,阿爾杜伊尼卡家族
2345,工業
2346,海因利希・弗格勒
2347,第五套
2348,景洪市
2349,憲法
2350,爭取陽光
2351,《失落的故事集》
2352,1918年
2353,200米
2354,原始宗教
2355,第1區
2356,博物學
2357,杭州
2358,機鼻的空間
2359,1999年
2360,馮特
2361,彰化市民代表會
2362,法國大革命
2363,明朝
2364,2013年
2365,朱德
2366,東湧燈塔於西元1904年建成，由英國人設計、監造，塔高三層，由塔身、塔燈及塔頂等三部分組成。塔身由一公尺厚的紅磚組成，塔燈為鑄鐵構造。燈塔面向台灣海峽，建在東引島東北世尾山的懸崖之上，其造型及附屬房舍均承襲十八世紀英式建築的簡潔、優雅風格，素有「東引別墅」之美名。
2367,漢武帝時期
2368,1963年
2369,東經116度27分
2370,西排立
2371,朝鮮語
2372,主序帶
2373,電磁波理論
2374,德國財政局
2375,1927年
2376,2014年
2377,已消失
2378,2007年
2379,法國
2380,最終仍可同時與大半個歐洲為敵並戰成平手
2381,外匯商店
2382,為了鞏固自己及子孫的統治
2383,蒙古語
2384,甲醇
2385,元太宗
2386,15625億
2387,印度教
2388,1218年
2389,918年
2390,北非作戰階段
2391,依法治國」
2392,1987年
2393,dna連線酶
2394,金軍
2395,加時賽
2396,雙人方
2397,球皺褶
2398,梁鵠
2399,40年
2400,2901.3平方公里
2401,桃園市
2402,郭守時
2403,高等學校新生入學考試制度
2404,大陸冷氣團南下，有強烈東北季風吹襲
2405,「學習偉大領袖毛澤東」
2406,19世紀
2407,檀君古朝鮮
2408,清順治帝
2409,朝鮮勞動黨中央委員會委員
2410,清宣宗時代
2411,蒙漢兩元政治
2412,黑色貝雷帽
2413,三國史記
2414,四
2415,林彪
2416,技術發明
2417,1972年
2418,摩門教
2419,分裂
2420,社會輿論
2421,1603年
2422,一分
2423,火山國家公園
2424,2013年
2425,客運與貨運市場的逐漸成長
2426,新石器時代
2427,孔齊
2428,李·德富雷斯特
2429,1958年
2430,世界氣象組織
2431,通貨膨脹
2432,1820年代
2433,規劃環境地政局
2434,350kw
2435,天主教
2436,食品業
2437,1958年
2438,2010年
2439,柏樹
2440,7920公里/小時
2441,仙台市
2442,史和平
2443,蓋銷
2444,哈爾濱
2445,1967年
2446,義和團事變
2447,混合苦膽的酒
2448,建文二年
2449,關島組織法
2450,2008年
2451,邊防具體業務
2452,彼得二世
2453,19世紀晚期
2454,國際轉口貿易
2455,合不勒汗
2456,高句麗
2457,窩闊台汗國
2458,民國14年
2459,49.3萬人
2460,巴納德
2461,量子光學
2462,糧食
2463,哈德遜河
2464,全國地圖正保御國繪圖
2465,民國3年
2466,投保人
2467,進入主序帶
2468,坎貝爾
2469,港島區
2470,1221年
2471,阿得雷德的去世
2472,《中華人民共和國憲法》
2473,二十歲
2474,雙打比賽
2475,中村法道
2476,高要
2477,真金
2478,391年
2479,英國精神醫學期刊
2480,1849年11月1日
2481,1260年
2482,13小時
2483,氦
2484,戰基處營區土地
2485,蒙古貴族
2486,巴西爾二世
2487,黑死病
2488,1948年6月20日
2489,卡胡盧伊
2490,硫化氫
2491,氮化硫
2492,三屆
2493,1972年
2494,都市計劃
2495,色指數
2496,日本
2497,情感支持
2498,6位
2499,司馬休之
2500,煤煙消除會
2501,公民化
2502,宏碁
2503,國民政府時期
2504,愛因斯坦
2505,傻瓜塔
2506,朱棣
2507,中山
2508,匹茲堡
2509,白塞爾
2510,格子型系統
2511,《動員戡亂時期臨時條款》
2512,韃靼海峽
2513,1989年
2514,花垣鎮
2515,東部
2516,模特
2517,7%
2518,韓國
2519,以性感形象演出
2520,新婚之夜
2521,泰國
2522,農民階層
2523,孔恩
2524,索契
2525,比利時
2526,重慶理工大學
2527,臺灣獨立
2528,足利尊氏
2529,托木斯克
2530,蘇丹達爾富爾地區
2531,1905年
2532,《臺灣自救運動宣言》
2533,詳細規劃
2534,十億年前
2535,1486年
2536,英國
2537,1950年代
2538,1500公里
2539,南極條約協商會議
2540,布里亞特人
2541,建炎二年
2542,民國8年
2543,1843年
2544,前279年
2545,日本
2546,西元前1534年
2547,瓦倫本哥國家公園
2548,1906年
2549,釋迦牟尼
2550,1960年代
2551,1640年
2552,交通不便
2553,威尼斯人
2554,東涌線
2555,梅艷芳是女低音
2556,1841年
2557,1997年
2558,1994年
2559,宋代
2560,國家預防腐敗局
2561,風能是與風速的三次方成所正比，所以風機高度愈高，發電量愈多
2562,大學生研究計劃
2563,爽文市
2564,1994年
2565,王亞南
2566,茂蘿街
2567,八零年代
2568,1234年
2569,日本
2570,瑞派克路
2571,白熱電燈泡
2572,第三代
2573,黨委
2574,康熙三十二年
2575,重工業
2576,中央印製廠
2577,1952年
2578,十二月屠殺的事件
2579,輕巡洋艦
2580,俄國內戰
2581,張成澤
2582,向收藏者售賣
2583,公元1世紀
2584,1904年4月1日
2585,臺北市仍在
2586,輻射
2587,紹興十一年
2588,石頭
2589,調節氣溫
2590,日本青年社
2591,廣東籍
2592,羅馬帝國
2593,自由派
2594,1990年代
2595,秋明州
2596,倫敦煙霧事件
2597,加州
2598,自由、平等、博愛等成為當今世界的普世價值，變成了新的政府準則與社會規範，才使得這個世界變成了現代世界。像拿破崙等人為歐洲帶來了新的法律制度。這些法律制度是以能力與成就為依歸，而非像封建時代那樣是以社會階級系統為依歸。現代的自由
2599,韓國
2600,不穩定性
2601,常於9－10月回到黑龍江、烏蘇里江等河中產卵
2602,亨利克萊
2603,歐美國家
2604,濟州島
2605,赫爾伯特·查普曼
2606,噪音過大
2607,廿八歲
2608,濟南
2609,2016年
2610,「印度國民軍士兵大審判」
2611,榮休教宗
2612,美日
2613,2比1
2614,參議院
2615,1861年
2616,1991年
2617,臺灣」
2618,1953年12月
2619,白堊紀末滅絕事件
2620,2003年3月4日
2621,曼莫漢·辛格
2622,刺激性
2623,七七事變
2624,激進黨
2625,1895年
2626,中華民國99年12月25日
2627,萊茵魯爾
2628,漢拿山山
2629,拒絕投降
2630,慈禧皇太后
2631,滿分1600分
2632,馬爾吉特
2633,失分
2634,第一次鴉片戰爭
2635,特殊黨員」
2636,中國
2637,蔡素玉
2638,加拿大
2639,工藝
2640,「鄧小平建設有中國特色社會主義理論」
2641,1999年
2642,4個
2643,溫州
2644,下薩克森邦
2645,《宅地法》
2646,中途公園
2647,駐越美軍
2648,燈罩上
2649,高房價
2650,1849年
2651,2016年9月30日
2652,改革法案
2653,解放軍
2654,1949年
2655,伊斯蘭教
2656,東勝寺一役
2657,6
2658,伊斯蘭教
2659,暴雪娛樂公司
2660,第二次世界大戰
2661,歐洲人
2662,理論心理學
2663,西方墨點法
2664,136.03萬人
2665,唐朝
2666,攔截機
2667,伍德羅·威爾遜
2668,與空氣隔絕時
2669,中央軍委
2670,溥佳
2671,台中軟體園區
2672,1803年
2673,特瓦族
2674,個性溫和的雕塑
2675,麻州
2676,杜林
2677,庫侖阻力
2678,沒有完整校舍
2679,「一邊一國」
2680,耶穌會
2681,西塞羅
2682,英軍司令部
2683,土地改革政策
2684,土耳其
2685,2013年
2686,三重忠孝橋
2687,摩根
2688,1960年
2689,高崗
2690,1930年
2691,海水淡化
2692,大學
2693,長樂
2694,爭議性
2695,1779年
2696,印尼
2697,人本主義
2698,首爾塔洞公園
2699,建議聯合國大會接受蒙古國加入聯合國
2700,英國
2701,電視
2702,3%
2703,約8200年
2704,普法戰爭
2705,什錦麵
2706,供給創造需求的理念
2707,中東
2708,民國三十八年
2709,鄧演達
2710,土魯斯
2711,鱒屬
2712,中國大陸
2713,甘蔗
2714,不滿北條氏專制政權
2715,第一個用戶嘗試儲存網頁時
2716,約翰·福特
2717,昆明公交公司
2718,2010年
2719,巴洛克風格
2720,動員勘亂時期臨時條款
2721,2008年
2722,納粹黨
2723,清政府
2724,拿破崙
2725,戰時的盟軍破壞
2726,漢魏故城
2727,1920年代
2728,南京國民政府青天白日滿地紅旗
2729,威廉一世
2730,人造衛星轉播過來的電視訊號節目的電視廣播方式。衛星電視的傳輸過程一般為：通過衛星將地面基站發射的微波訊號
2731,第1668號
2732,1702年
2733,這個手段對於渦輪葉片的耗損提高許多
2734,新加坡
2735,同盟國
2736,1944年
2737,中文
2738,布里斯托大學
2739,河運
2740,伏爾加河
2741,國際動物命名委員會
2742,黃金自由貿易
2743,施耐庵
2744,集中式太陽能發電站
2745,大韓帝國
2746,羅伯特·穆里
2747,第265任
2748,使這條鐵路成了第一條公共蒸汽鐵路
2749,死亡
2750,60
2751,阿拉瓦克印第安人
2752,告士打道
2753,jr集團
2754,兩馬赫
2755,12個
2756,蘿蔔糕
2757,伽利略
2758,1875年
2759,裏海
2760,1863年
2761,1828年
2762,1597年
2763,1829年
2764,杜林
2765,2008年
2766,毛利家
2767,侏儸紀
2768,鄭明勛
2769,拿破崙
2770,342年
2771,11月祭」
2772,中華人民共和國
2773,愛格思海金斯公司
2774,阿拉巴馬州
2775,2015年
2776,《羅馬十二帝王傳》
2777,呂蒙
2778,傑斐遜·戴維斯
2779,1867年
2780,70%
2781,狩獵採集社會
2782,第三世界國家
2783,國民黨
2784,入學考試
2785,擔心引起教會勢力的強烈反彈
2786,大瘟疫
2787,鄂圖曼帝國
2788,1986年
2789,明代
2790,1951年4月13日
2791,基督教
2792,冠狀動脈疾病
2793,石油天然氣研發中心
2794,元朝
2795,硫酸
2796,義大利戰爭
2797,超級基金法
2798,中華人民共和國
2799,納粹德國
2800,募兵制
2801,1933年
2802,2015年
2803,丙子胡亂
2804,1606年
2805,天主教會
2806,有關國軍參與海外派遣活動的法律案
2807,大滿貫
2808,華沙
2809,伯力
2810,外交政策
2811,三種不同的輔音長度
2812,8世紀
2813,約翰二世·科穆寧皇帝
2814,凡爾賽宮
2815,北海道帝國大學
2816,2008年
2817,信陽市
2818,地區邊界
2819,電腦
2820,動物命名法
2821,2014年
2822,1789年
2823,因為拔都與兀良哈台大力支持拖雷系的蒙哥
2824,國際動物學會議
2825,由於王府長史葛誠叛變，密奏朝廷「燕王無病」
2826,金靴獎
2827,齊格蒙特三世
2828,天文學
2829,教法
2830,萊茵河
2831,氧化亞氮氣體
2832,不像其他版本聖經的傳統順序
2833,信陽申侯
2834,攻占納哈出的金山
2835,大阪堂島的「堂島米相場會所
2836,內燃機引擎
2837,銀熊獎
2838,1968年
2839,心率
2840,《舊金山和約》
2841,6
2842,1989年
2843,武昌起義
2844,直接管理寺院周圍13莊政教事務
2845,殺傷力大
2846,第一波新政
2847,球面幾何學
2848,1976年
2849,地球大氣層及其他天體之外的虛空區域
2850,第2758號決議案
2851,1980年代
2852,楊森
2853,1859年
2854,為了更好的與羅馬帝國進行貿易活動
2855,學權部
2856,阮彌之
2857,粵西
2858,羅斯托克港
2859,印度河文明
2860,约瑟夫·斯卡利格
2861,湖州人
2862,維多利亞港
2863,郵箱業務
2864,20%
2865,分發式政策
2866,拉丁文
2867,12歲
2868,比利時
2869,1000米
2870,馬關條約
2871,羅斯福
2872,大陸性季風氣侯
2873,214
2874,3席
2875,過渡時期憲法
2876,益州
2877,段思平
2878,1953年
2879,口徑大
2880,海口市
2881,社會學
2882,雌雄同體
2883,遺傳定律
2884,攔截機
2885,寮國
2886,2000年
2887,15年
2888,第一次世界大戰
2889,臺灣外交困境
2890,第26屆
2891,武漢大學
2892,第三心音
2893,1989年
2894,史達林
2895,新北市的主要行政區過去皆為全面依賴臺北市的衛星城市
2896,英國
2897,廣州鐵路公司
2898,航宇
2899,晚會
2900,孫傳芳
2901,元滅宋之戰
2902,亞歷山大·羅德
2903,阿卡狄烏斯
2904,多倫多
2905,《農書》
2906,蘇聯第三國際
2907,中世紀中期
2908,美國登山車協會
2909,突厥語
2910,台南
2911,法律
2912,學費較高
2913,1987年
2914,進入為期4年的神學研究階段
2915,1849年11月1日
2916,阿爾沃蘭海
2917,把普選局限於男性
2918,在一固定期間內，一家機構的現金增減變動情形
2919,1923年
2920,鏡廳
2921,安帝
2922,中華民國初年
2923,托列斯海峽
2924,自由民主黨
2925,印度洋
2926,兩年
2927,大致平坦的地貌
2928,磷礦石
2929,曼哈頓
2930,克羅埃西亞
2931,1512年
2932,消亡階段
2933,肌萎縮性脊髓側索硬化症
2934,作為軍事防衛
2935,哈德良
2936,《關於托勒密和哥白尼兩大世界體系的對話》
2937,傳送其基因組
2938,電燈泡
2939,按種族
2940,張成澤
2941,盧安達
2942,戴爾廣場足球俱樂部
2943,厄爾布魯士峰
2944,南京國民政府
2945,明朝
2946,武器設計製造人才
2947,1956年
2948,沒有
2949,50個
2950,科學博物館
2951,冬無嚴寒
2952,1874年
2953,維吾爾語
2954,金大中
2955,體重過輕
2956,新生代
2957,勒克瑙協定
2958,《國防報告書》
2959,忽必烈
2960,電動機
2961,承辦五大宗教外其他宗教業務
2962,聯合國
2963,有一個龐大的內需市場
2964,具高商業價值
2965,翻版金日成
2966,啟德機場
2967,瑞士
2968,中華民國政府
2969,希伯來語
2970,一個小時說一個字」
2971,汽運
2972,敦煌石窟
2973,鍾祥蘭台宮
2974,朝鮮
2975,1972年
2976,布里斯托鎊
2977,兩天
2978,喀喇汗國
2979,颶風戰鬥機
2980,黨內上層
2981,1932年
2982,1952年
2983,埃及
2984,2003年1月12日
2985,釣魚臺
2986,瓦特
2987,村民委員會
2988,猶太會堂
2989,三菱
2990,序言、130項條款和6個補充規定，共分總綱、公民的權利和義務、國會、政府、法院、憲法法院、選舉管理、地方自治、經濟和修憲10章，主要有「國民主權」，實行「三權分立」和「總統中心制」，增加國民民主權利，和實行違憲審查制定四方面的核心內容。其基本原則包括國民主權、三權分立、尋求南北和平民主統一、尋求國際和平與合作、依法治國以及國家負責促進國計民生。
2991,岳飛
2992,怯薛
2993,道元禪師
2994,1637年
2995,北魏
2996,西人黨
2997,民國26年上半年
2998,中東
2999,一次世界大戰時期
3000,大朝鮮國
3001,鋼筋混凝土
3002,地球或一些區域上一切生命和非生命的事物以自然的狀態呈現
3003,1171年
3004,日韓合併條約
3005,羽柴秀吉
3006,中產階級
3007,民國四十三年
3008,第45屆日本眾議院議員總選舉
3009,魏源
3010,保祿六世
3011,阿拉伯宗教
3012,2個
3013,印度教
3014,元帝不重視科舉
3015,博克施道夫戰役
3016,珍妮·蓋諾
3017,1629年
3018,第三產業
3019,自轉軸的兩極
3020,德宏州
3021,25個
3022,喬治·史蒂芬生
3023,查士丁尼一世
3024,華北平原
3025,振州
3026,克里米亞韃靼人
3027,李時珍
3028,舊莫比爾
3029,埃及
3030,辛亥革命
3031,六十年代
3032,十年
3033,伊斯蘭教
3034,兵部右侍郎兼都察院右都御史
3035,六四天安門事件
3036,周恩來
3037,《北京條約》
3038,1976年
3039,1959年
3040,耕地面積
3041,國民議會
3042,肉牛
3043,主動方
3044,生活部
3045,工業文明崛起
3046,29萬
3047,冷戰格局
3048,300公厘
3049,廖內省
3050,洪邁
3051,淮安區
3052,左手的大拇指
3053,靜谷再北為春耦齋，北洋政府時為總統辦公處
3054,2002年
3055,12931ghd
3056,西里爾字母
3057,荷蘭人
3058,黨的紀律檢查機關
3059,五
3060,契約經濟
3061,鐵路線
3062,日軍河本大作大佐
3063,為了保護蒙古人地位
3064,工農業生產
3065,資本主義
3066,四品
3067,金正恩
3068,戰艦
3069,蘇聯
3070,清朝嘉慶年間
3071,蘭希佩洛西
3072,1871年1月18日
3073,朱德
3074,90年代
3075,溫尼伯國際機場
3076,瑞士
3077,國家統治者透過集體利益性的方式，達到社會目標的實現
3078,2部
3079,宜蘭海岸國家風景區管理處
3080,黑龍江
3081,高盧帝國
3082,長水村
3083,八王之亂
3084,居民委員會
3085,民國29年
3086,降低貸款利息
3087,1980年2月24日
3088,通化市
3089,康熙帝
3090,烏茲別克斯坦
3091,玉米
3092,樺樹
3093,建設性的互補夥伴關係
3094,2006年
3095,1987年
3096,馬克思主義
3097,不敢前往倫敦
3098,馬加人
3099,清宣統二年
3100,巴西，本來巴西全場佔盡優勢，但欠缺運氣的巴西隊始終未能攻進入球，全場沒有什麼攻勢的阿根廷卻在完場前數分鐘偷擊得手，攻入全場唯一入球，結果阿根廷以1-0擊敗了巴西隊
3101,製導合一
3102,完全臀位
3103,駱克道
3104,71.7公里
3105,鄂圖曼帝國
3106,肌源性自律性
3107,廣電總局
3108,俺巴孩汗被金朝皇帝金熙宗釘在木驢上致死
3109,麥克阿瑟
3110,查理檢查站
3111,京杭大運河
3112,雲貴高原
3113,黑韓國
3114,1914年
3115,紅衫軍運動
3116,第五次北伐
3117,烏來區
3118,綠窗口
3119,電壓
3120,希臘文化
3121,幽州
3122,過多不同族裔分據各方的政局，仍然有動盪不穩定的隱憂
3123,第一次直奉戰爭
3124,1970年代
3125,相聲
3126,平定南昌的寧王宸濠之亂
3127,周恩來
3128,貴霜帝國
3129,1956年
3130,南海縣
3131,《華府風雲》
3132,韓國
3133,過度漢化
3134,60米
3135,李東陽
3136,1919年
3137,100
3138,百萬分之一弧秒
3139,印度教
3140,青天白日勳章
3141,尼古拉杜霍寧
3142,見習官
3143,以適應對外開放的需要
3144,信陽市
3145,1782年
3146,1867年
3147,日本武士時代
3148,武漢大學
3149,貝爾格勒
3150,日產汽車
3151,政府財政撥款
3152,1918年
3153,1972年
3154,柴油
3155,巴拉馬利波
3156,希臘人襲擊拉丁人僑民的事件，有一次嚴重的衝突竟然導致城東地區失火
3157,有絲分裂
3158,卡爾施塔特
3159,拉丁字母
3160,二氧化碳
3161,1987年
3162,《三國演義》
3163,黃琪翔
3164,中國人民銀行
3165,都市
3166,ucla的billfarrer—簽署了協議書，同意往後年度的特洛依-小熊足球比賽的優勝者，隨後的一年可以保有此鐘，也就是說，此鐘留在該年比賽勝利的學校，隨後、usc的校友會付給ucla的校友會一半鐘的費用。當時的協議看似不利於小熊，因為他們從未打敗過usc，但在第一年的比賽，1942年，ucla
3167,2016年
3168,土地改革
3169,c.l.maxnikias
3170,荷蘭皇家研究所
3171,周恩來
3172,1739年
3173,民族文化多元化的城市
3174,《開槍射擊令》
3175,劍橋
3176,商業上的活力
3177,忻城縣
3178,東側
3179,田春蔚
3180,冬季奧運會
3181,屬名＋種名
3182,國民革命軍
3183,艾薩克·牛頓
3184,諸塞州
3185,4世紀
3186,第一個階段
3187,波蘭
3188,麗貝卡·布蘭克
3189,《東方紅》
3190,太平洋戰爭
3191,西元28年
3192,同化政策
3193,莫敦梅
3194,北京
3195,1942年末
3196,巴洛克風格
3197,南斯拉夫王國
3198,兩年
3199,古朝鮮
3200,俗世什一稅
3201,受貨幣經濟影響
3202,《周禮》
3203,1967年
3204,匈牙利
3205,西班牙人
3206,31個
3207,反映農民困苦生活
3208,板橋區貴興路
3209,北竿島
3210,拉彼魯茲
3211,奧圖·普萊明傑
3212,1235年
3213,地地下水
3214,水力
3215,克羅埃西亞省
3216,2015年6月
3217,伊斯蘭
3218,新北市
3219,量子光學
3220,加勒比海
3221,1927年
3222,400
3223,鱷魚
3224,格爾拉赫峰
3225,三分之二多數同意
3226,三跨一懸挑」
3227,被殺害
3228,江北地區
3229,希臘文化
3230,19世紀
3231,中山
3232,匈奴人
3233,海山
3234,倭國
3235,1949年
3236,第四次十字軍東征
3237,會長
3238,美國國家稅務局
3239,昆明巫家壩國際機場
3240,豐田汽車
3241,兩棲動物
3242,負責全國邊海防工作
3243,游隼
3244,1955年
3245,馬爾吉特
3246,13世紀
3247,星系天文學
3248,傑羅姆萊特文
3249,漢族
3250,24位
3251,小高加索山脈
3252,實業部
3253,軍事科研活動
3254,中國共產黨紀律檢查機關
3255,大雨
3256,民主黨
3257,1636年
3258,人性本善
3259,法國獲勝
3260,文化大革命
3261,公元第二世紀
3262,陸軍航空隊
3263,於1206年統一漠北諸部族後建立的大蒙古國
3264,漢朝軍事壓力
3265,1924年
3266,西元前4713年1月1日中午12點
3267,鄧小平
3268,民國39年
3269,華萊士
3270,不僅不會釋放出能量，還要消耗能量
3271,978億美元
3272,經濟大恐慌
3273,民國元年
3274,1909年
3275,1233年史彌遠死後
3276,2015年
3277,卡佩爾戰爭
3278,超級英雄
3279,教會法學博士學位
3280,維多利亞湖
3281,《天體運行論》
3282,馬英九
3283,台北曲藝團
3284,朱文圭
3285,葉名琛
3286,廣島市
3287,監理會
3288,
3289,韓國
3290,沒有
3291,1891米
3292,馬來西亞
3293,烏爾蘇拉
3294,92%
3295,李算
3296,秋明州
3297,物權法
3298,馬林諾夫斯基
3299,1651年
3300,元世祖
3301,劉宋宗王
3302,消極
3303,李宗仁
3304,雙重匯率
3305,1971年
3306,1282年
3307,速度
3308,吐蕃文字
3309,小高加索山脈
3310,可以用來指揮小隊或中隊
3311,明朝
3312,動物脂肪
3313,幹線道路
3314,奈及利亞
3315,1955年
3316,976毫米
3317,君士坦丁堡城
3318,路易·菲利普國王
3319,吳兆南相聲劇藝社
3320,1912年
3321,1903年
3322,鐵
3323,伊斯蘭教法
3324,9世紀
3325,特別警察部隊
3326,內蒙古自治政府
3327,獅子外型
3328,宋高宗
3329,西莒島青帆村
3330,美元
3331,黑矮星
3332,獅子派
3333,乾隆皇帝
3334,東印度公司
3335,1998年
3336,西班牙
3337,炮兵學學位
3338,成吉思汗時代
3339,意識型態上的極權主義傾向
3340,地中海
3341,1908年
3342,37年
3343,牡丹峰樂團團長
3344,君士坦丁八世
3345,空氣污染
3346,1949年
3347,岳飛
3348,劉牢之
3349,105名
3350,卓袱
3351,五分之四
3352,福建華僑
3353,民族主義復活
3354,德國
3355,北方方言
3356,集安
3357,1970年
3358,燃燒
3359,李·亞科卡
3360,五年
3361,瓜拿納樹
3362,特瓦族
3363,髒層
3364,加壓
3365,遺傳物質
3366,意圖維持一個均衡的歐洲的傳統政策
3367,海什木
3368,2006年
3369,白堊紀中期
3370,莫里斯哈勒
3371,克勞德夏農
3372,不列顛印度軍隊
3373,1932年
3374,人口較南方多出許多
3375,1964年
3376,通俗科幻小說雜誌
3377,法語
3378,平均地權
3379,國際園藝家協會
3380,合肥市政府
3381,理查特里維西克
3382,一線天目前仍屬重要軍事基地
3383,彌爾
3384,《續資治通鑑長編》卷323宋元豐五年二月己巳條
3385,幽默
3386,無量山
3387,公元738年
3388,美國
3389,對於旅客的換乘和貨物運輸十分不利
3390,非常小
3391,1961年
3392,計劃經濟體制
3393,英國
3394,田漢
3395,模特兒
3396,1284年
3397,民國27年
3398,悉曇體
3399,135
3400,2005年3月20日
3401,43.4%
3402,路易十三
3403,沃爾特蒙代爾
3404,1935年
3405,土邦王公在無直系繼承王位的情況下，土邦直接納入東印度公司的統治之下，拒絕王公在無嗣的情況下選擇繼承人
3406,伊利諾州
3407,公元前240年
3408,漢諾瓦
3409,性犯罪
3410,恆河的沖積作用
3411,信陽長台關編鐘
3412,第二代
3413,黃大仙區
3414,忽必烈
3415,1930年代
3416,巴西爾二世
3417,至元十一年
3418,新型脫殼穿甲彈
3419,德川家康
3420,哈大客運專線
3421,世界三大黑土地
3422,佛教
3423,恰克圖條約
3424,多源於南部內陸高原地區
3425,廢除憲法
3426,聖凱薩琳教堂
3427,沈葆楨
3428,協助自殺
3429,西晉
3430,美國hbo電視台
3431,1985年
3432,2450084
3433,2009年
3434,11世紀
3435,郭松齡
3436,1931年
3437,歐」型恆星
3438,五權憲法
3439,天皇
3440,2014年
3441,花垣鎮
3442,股份制改革
3443,兩年
3444,導彈
3445,1976年
3446,你吃飯了嗎？
3447,15個
3448,宋公
3449,希洛分基地
3450,漢地大都
3451,康熙
3452,景星殿
3453,雨果
3454,鄧小平
3455,達不到香港女性非常高的擇偶條件
3456,維爾紐斯
3457,民國17年
3458,西部片
3459,雜交帶
3460,2000年代
3461,《魔戒》
3462,1978年
3463,儒家思想
3464,1954年
3465,12
3466,廣西廣府人
3467,1897年
3468,總理
3469,1945年
3470,鐮倉幕府發現了後醍醐天皇的倒幕企圖，責令六波羅探題將天皇身邊的日野資朝等人處分
3471,完成了內部自治的體制後，近年來庫克群島開始嘗試在外交方面擁有更多的主導權，例如加入許多區域性的組織，甚至與34個國家建立起直接或間接的邦交，以期能轉變成一個真正獨立的主權國家
3472,倭王權
3473,灣仔碼頭
3474,1991年
3475,約瑟夫
3476,大部分的時間都在國外生活
3477,雙反
3478,大爆炸理論
3479,新南威爾斯學校
3480,守則與規定
3481,期思陂
3482,中華人民共和國
3483,朱棣
3484,2000
3485,軍隊士兵主要由穆斯林和印度教徒構成
3486,亞俄
3487,東漢
3488,1999年
3489,生命線類的協談電話
3490,機場快線
3491,麥茨要塞
3492,中國最早有關傳染病研究的著作
